{"loss": [0.15361815690994263], "accuracy": [0.9499647617340088], "val_loss": [0.034637536853551865], "val_accuracy": [0.9886801838874817]}