{"loss": [0.0020497457589954138, 0.0017667211359366775, 0.0017302818596363068, 0.001745239133015275, 0.0017230309313163161, 0.0017255715792998672, 0.001710514072328806, 0.0017014024779200554, 0.001704315422102809, 0.001706035458482802, 0.001698276842944324, 0.0016966662369668484, 0.001683191629126668, 0.001683550770394504, 0.00168532133102417], "accuracy": [0.9815189242362976, 0.9815216064453125, 0.9815217852592468, 0.981521487236023, 0.9815217852592468, 0.9815217852592468, 0.9815219044685364, 0.9815216064453125, 0.9815216064453125, 0.981521725654602, 0.981521725654602, 0.9815217852592468, 0.9815216064453125, 0.9815217852592468, 0.9815217852592468], "val_loss": [0.0015553660923615098, 0.0014988650800660253, 0.0015062543097883463, 0.0015098415315151215, 0.0014667307259514928, 0.0014960742555558681, 0.0014567668549716473, 0.0014672386460006237, 0.0014545000158250332, 0.0014667637879028916, 0.001555056544020772, 0.0014280984178185463, 0.0014328192919492722, 0.0014562938595190644, 0.0014255893183872104], "val_accuracy": [0.9836203455924988, 0.9836203455924988, 0.9836203455924988, 0.9836203455924988, 0.9836203455924988, 0.9836203455924988, 0.9836203455924988, 0.9836203455924988, 0.9836203455924988, 0.9836203455924988, 0.9836203455924988, 0.9836203455924988, 0.9836203455924988, 0.9836203455924988, 0.9836203455924988]}