{"loss": [0.2059241682291031, 0.04715755209326744, 0.21372723579406738, 0.10791228711605072, 0.08125390112400055], "accuracy": [0.9512056708335876, 0.9776663780212402, 0.9084792733192444, 0.9296860694885254, 0.9704174399375916], "val_loss": [0.02515471912920475, 0.5443192720413208, 0.12039326876401901, 0.030399788171052933, 0.029566552489995956], "val_accuracy": [0.9881682395935059, 0.8837029933929443, 0.8837029933929443, 0.9881987571716309, 0.9883818626403809]}