{"loss": [0.19436588883399963, 0.04661508649587631, 0.1370210200548172, 0.04961487650871277, 0.09462543576955795, 0.0763762891292572, 0.0520038902759552, 0.0514189787209034, 0.04934204742312431, 0.06259807199239731, 0.08786705136299133, 0.06897706538438797, 0.049760639667510986, 0.06223546341061592, 0.047888316214084625, 0.04158279672265053, 0.03920485079288483, 0.04973669722676277, 0.038235265761613846, 0.04688644036650658, 0.03987078368663788, 0.03769499808549881, 0.04958639666438103, 0.04024667665362358, 0.040690116584300995, 0.039166685193777084, 0.03919363394379616, 0.040738336741924286, 0.039187829941511154, 0.0369083397090435], "accuracy": [0.9518028497695923, 0.9770888686180115, 0.9533534646034241, 0.9778832793235779, 0.9535640478134155, 0.9643125534057617, 0.9735591411590576, 0.9741228818893433, 0.9738826155662537, 0.9719336032867432, 0.9689681529998779, 0.968745768070221, 0.977824330329895, 0.9721245169639587, 0.9776351451873779, 0.9784948825836182, 0.9793005585670471, 0.9756060242652893, 0.9793325066566467, 0.9758390188217163, 0.9790975451469421, 0.9793282151222229, 0.9760503172874451, 0.9781448245048523, 0.9784574508666992, 0.9796704649925232, 0.9788134694099426, 0.9786338210105896, 0.979369580745697, 0.9796872735023499], "val_loss": [0.06511196494102478, 0.5557816028594971, 0.07410994172096252, 0.026772307232022285, 0.022551411762833595, 0.02823995053768158, 0.03586641699075699, 0.021761266514658928, 0.06948347389698029, 0.02107428014278412, 0.022821975871920586, 0.02424655109643936, 0.022755654528737068, 0.04074932634830475, 0.025940703228116035, 0.02411532588303089, 0.019294239580631256, 0.02135886438190937, 0.01885656639933586, 0.020452922210097313, 0.019624151289463043, 0.02123098075389862, 0.022724084556102753, 0.025061799213290215, 0.020840788260102272, 0.01913905143737793, 0.031232763081789017, 0.021055905148386955, 0.01940341293811798, 0.020056091248989105], "val_accuracy": [0.9869343638420105, 0.8863328695297241, 0.9777155518531799, 0.9899370074272156, 0.9903457164764404, 0.9903406500816345, 0.990585207939148, 0.9905901551246643, 0.9766261577606201, 0.9905098676681519, 0.9905537366867065, 0.9901223182678223, 0.9905087351799011, 0.9899919033050537, 0.9903556108474731, 0.990833580493927, 0.9910285472869873, 0.990622878074646, 0.9908595681190491, 0.9905098676681519, 0.991058886051178, 0.9911244511604309, 0.9906220436096191, 0.989924967288971, 0.9910005927085876, 0.9908468127250671, 0.9844863414764404, 0.9905614256858826, 0.9909577369689941, 0.9908616542816162]}