{"loss": [0.0020685468334704638, 0.0017728267703205347, 0.001748530543409288, 0.0017137938411906362, 0.00172417052090168, 0.0017158027039840817, 0.0017036385834217072, 0.0017052881885319948, 0.0017007857095450163, 0.0016910773701965809, 0.0016831272514536977, 0.0016842973418533802, 0.0017026590649038553, 0.0016993487952277064, 0.0016823353944346309, 0.001670961850322783, 0.0016823437763378024, 0.001682258676737547, 0.001666655414737761, 0.001677127555012703, 0.0016869804821908474, 0.0016684256261214614, 0.001663034432567656, 0.001662925467826426, 0.0016440886538475752, 0.0016508157132193446, 0.0016539638163521886, 0.0016477223252877593, 0.001638252753764391, 0.0016769665526226163, 0.0016611682949587703, 0.001638871617615223, 0.0016309028724208474, 0.0016480940394103527, 0.0016416690777987242], "accuracy": [0.9815185070037842, 0.9815214276313782, 0.9815219044685364, 0.9815216064453125, 0.9815217852592468, 0.9815217852592468, 0.9815219640731812, 0.9815216064453125, 0.9815217852592468, 0.9815219044685364, 0.9815217852592468, 0.9815216064453125, 0.981521725654602, 0.981521487236023, 0.9815217852592468, 0.981521725654602, 0.981521725654602, 0.9815219640731812, 0.981521725654602, 0.981521725654602, 0.9815214276313782, 0.981521725654602, 0.9815219640731812, 0.9815219640731812, 0.9815216064453125, 0.981521725654602, 0.981521487236023, 0.9815217852592468, 0.9815219044685364, 0.9815219044685364, 0.9815216064453125, 0.981521725654602, 0.981521487236023, 0.9815217852592468, 0.9815216064453125], "val_loss": [0.0015414956724271178, 0.0014998840633779764, 0.0014816526090726256, 0.0014599432470276952, 0.0014879995724186301, 0.0014635554980486631, 0.0014689547242596745, 0.0014733317075297236, 0.0014480947284027934, 0.00145394925493747, 0.0014461303362622857, 0.0014442859683185816, 0.0014426764100790024, 0.0014537172392010689, 0.0014475123025476933, 0.001428154413588345, 0.0014397315680980682, 0.0014710002578794956, 0.0014841906959190965, 0.0014608907513320446, 0.0014061155961826444, 0.0014652230311185122, 0.0014491378096863627, 0.0013927981490269303, 0.0013967351987957954, 0.0014020793605595827, 0.001421324210241437, 0.0013973091263324022, 0.0013915373710915446, 0.001448333845473826, 0.0013920532073825598, 0.0013815246056765318, 0.0014149665366858244, 0.001383438939228654, 0.0013792529935017228], "val_accuracy": [0.9836203455924988, 0.9836203455924988, 0.9836203455924988, 0.9836203455924988, 0.9836203455924988, 0.9836203455924988, 0.9836203455924988, 0.9836203455924988, 0.9836203455924988, 0.9836203455924988, 0.9836203455924988, 0.9836203455924988, 0.9836203455924988, 0.9836203455924988, 0.9836203455924988, 0.9836203455924988, 0.9836203455924988, 0.9836203455924988, 0.9836203455924988, 0.9836203455924988, 0.9836203455924988, 0.9836203455924988, 0.9836203455924988, 0.9836203455924988, 0.9836203455924988, 0.9836203455924988, 0.9836203455924988, 0.9836203455924988, 0.9836203455924988, 0.9836203455924988, 0.9836203455924988, 0.9836203455924988, 0.9836203455924988, 0.9836203455924988, 0.9836203455924988]}